INSERT INTO public.users (id, name, surname, passport_number, created, changed, driving_license, passport_serial, birthday, full_name, rating, email, user_password, violations) VALUES (8, 'Benjamin', 'Wilson', 898445, '2023-03-08 01:19:27.000000', '2023-03-08 01:19:27.000000', 98874984, 'RE', '1988-05-09 12:01:41.000000', 'Benjamin Wilson', 8, 'Wilson444@wear.com', '898445', 'NOT_SELECTED');
INSERT INTO public.users (id, name, surname, passport_number, created, changed, driving_license, passport_serial, birthday, full_name, rating, email, user_password, violations) VALUES (3, 'Noah', 'Smith', 651151, '2023-03-08 01:19:27.000000', '2023-03-08 01:19:27.000000', 97445616, 'RE', '1983-05-20 12:02:18.000000', 'Noah Smith', 9, 'Smith999@wear.com', '651151', 'NOT_SELECTED');
INSERT INTO public.users (id, name, surname, passport_number, created, changed, driving_license, passport_serial, birthday, full_name, rating, email, user_password, violations) VALUES (7, 'James', 'Brown', 654544, '2023-03-08 01:19:27.000000', '2023-03-08 01:19:27.000000', 98494655, 'RE', '1983-05-20 12:02:18.000000', 'James Brown', 3, 'Brown777@wear.com', '654544', 'NOT_SELECTED');
INSERT INTO public.users (id, name, surname, passport_number, created, changed, driving_license, passport_serial, birthday, full_name, rating, email, user_password, violations) VALUES (1, 'Ivan', 'Miller', 651651, '2023-03-08 01:19:27.000000', '2023-03-08 01:19:27.000000', 91515151, 'RE', '1983-05-20 12:02:18.000000', 'Ivan Miller', 9, 'Miller111@wear.com', '651651', 'NOT_SELECTED');
INSERT INTO public.users (id, name, surname, passport_number, created, changed, driving_license, passport_serial, birthday, full_name, rating, email, user_password, violations) VALUES (5, 'William', 'Williams', 887878, '2023-03-08 01:19:27.000000', '2023-03-08 01:19:27.000000', 16516513, 'RE', '2005-05-20 12:00:38.000000', 'William Williams', 10, 'Williams666@wear.com', '887878', 'NOT_SELECTED');
INSERT INTO public.users (id, name, surname, passport_number, created, changed, driving_license, passport_serial, birthday, full_name, rating, email, user_password, violations) VALUES (2, 'Piter', 'Davis', 411919, '2023-03-08 01:19:27.000000', '2023-03-08 01:19:27.000000', 94151115, 'RE', '1987-05-20 12:01:18.000000', 'Piter Davis', 10, 'Davis555@wear.com', '411919', 'NOT_SELECTED');
INSERT INTO public.users (id, name, surname, passport_number, created, changed, driving_license, passport_serial, birthday, full_name, rating, email, user_password, violations) VALUES (10, 'Michael', 'White', 845454, '2023-03-08 01:19:27.000000', '2023-03-08 01:19:27.000000', 65161611, 'RE', '1983-05-20 12:02:18.000000', 'Michael White', 7, 'White333@wear.com', '845454', 'NOT_SELECTED');
INSERT INTO public.users (id, name, surname, passport_number, created, changed, driving_license, passport_serial, birthday, full_name, rating, email, user_password, violations) VALUES (6, 'Mason', 'Jones', 132123, '2023-03-08 01:19:27.000000', '2023-03-08 01:19:27.000000', 98798494, 'RE', '1983-05-20 12:02:18.000000', 'Mason Jones', 5, 'Jones000@wear.com', '132123', 'NOT_SELECTED');
INSERT INTO public.users (id, name, surname, passport_number, created, changed, driving_license, passport_serial, birthday, full_name, rating, email, user_password, violations) VALUES (9, 'Jacob', 'Taylor', 984455, '2023-03-08 01:19:27.000000', '2023-03-08 01:19:27.000000', 65115161, 'RE', '1991-05-20 12:00:21.000000', 'Jacob Taylor', 7, 'Taylor111@wear.com', '984455', 'NOT_SELECTED');
INSERT INTO public.users (id, name, surname, passport_number, created, changed, driving_license, passport_serial, birthday, full_name, rating, email, user_password, violations) VALUES (4, 'Liam', 'Johnson', 651651, '2023-03-08 01:19:27.000000', '2023-03-08 01:19:27.000000', 84555258, 'RE', '1999-05-20 12:02:00.000000', 'Liam Johnson', 9, 'Johnson222@wear.com', '651651', 'NOT_SELECTED');

INSERT INTO public.roles (id, role_name, user_id, created, changed) VALUES (1, 'ROLE_ADMIN', 1, '2023-03-28 17:07:35.000000', '2023-03-28 17:07:35.000000');
INSERT INTO public.roles (id, role_name, user_id, created, changed) VALUES (2, 'ROLE_USER', 2, '2023-03-28 17:07:35.000000', '2023-03-28 17:07:35.000000');
INSERT INTO public.roles (id, role_name, user_id, created, changed) VALUES (3, 'ROLE_USER', 10, '2023-03-28 17:07:35.000000', '2023-03-28 17:07:35.000000');
INSERT INTO public.roles (id, role_name, user_id, created, changed) VALUES (4, 'ROLE_USER', 4, '2023-03-28 17:07:35.000000', '2023-03-28 17:07:35.000000');
INSERT INTO public.roles (id, role_name, user_id, created, changed) VALUES (5, 'ROLE_USER', 3, '2023-03-28 17:07:35.000000', '2023-03-28 17:07:35.000000');
INSERT INTO public.roles (id, role_name, user_id, created, changed) VALUES (6, 'ROLE_USER', 6, '2023-03-28 17:07:35.000000', '2023-03-28 17:07:35.000000');
INSERT INTO public.roles (id, role_name, user_id, created, changed) VALUES (7, 'ROLE_USER', 5, '2023-03-28 17:07:35.000000', '2023-03-28 17:07:35.000000');
INSERT INTO public.roles (id, role_name, user_id, created, changed) VALUES (8, 'ROLE_USER', 8, '2023-03-28 17:07:35.000000', '2023-03-28 17:07:35.000000');
INSERT INTO public.roles (id, role_name, user_id, created, changed) VALUES (9, 'ROLE_USER', 7, '2023-03-28 17:07:35.000000', '2023-03-28 17:07:35.000000');
INSERT INTO public.roles (id, role_name, user_id, created, changed) VALUES (10, 'ROLE_USER', 9, '2023-03-28 17:07:35.000000', '2023-03-28 17:07:35.000000');

INSERT INTO public.tariff (id, tariff_name, rent_price, created, changed) VALUES (1, 'Green', 100, '2023-02-08 11:59:30.000000', '2023-02-08 11:59:30.000000');
INSERT INTO public.tariff (id, tariff_name, rent_price, created, changed) VALUES (2, 'Yellowy', 120, '2023-02-08 11:59:30.000000', '2023-02-08 11:59:30.000000');
INSERT INTO public.tariff (id, tariff_name, rent_price, created, changed) VALUES (3, 'Red', 150, '2023-02-08 11:59:30.000000', '2023-02-08 11:59:30.000000');

INSERT INTO public.car (id, brand, mileage, car_body, model, changed, created, technical_inspection_id) VALUES (1, 'Audi', 124884, 'coupe', 'TT 8S', '2023-03-08 16:47:33.000000', '2023-03-20 16:47:08.000000', 1);
INSERT INTO public.car (id, brand, mileage, car_body, model, changed, created, technical_inspection_id) VALUES (2, 'Audi', 45854, 'coupe', 'TT 8S', '2023-03-08 16:47:33.000000', '2023-03-20 16:47:08.000000', 2);
INSERT INTO public.car (id, brand, mileage, car_body, model, changed, created, technical_inspection_id) VALUES (3, 'Audi', 44785, 'coupe', 'TT 8S', '2023-03-08 16:47:33.000000', '2023-03-20 16:47:08.000000', 3);
INSERT INTO public.car (id, brand, mileage, car_body, model, changed, created, technical_inspection_id) VALUES (4, 'Audi', 78451, 'sedan', 'A8 D5', '2023-03-08 16:47:33.000000', '2023-03-20 16:47:08.000000', 4);
INSERT INTO public.car (id, brand, mileage, car_body, model, changed, created, technical_inspection_id) VALUES (5, 'Audi', 152485, 'sedan', 'A8 D5', '2023-03-08 16:47:33.000000', '2023-03-20 16:47:08.000000', 5);
INSERT INTO public.car (id, brand, mileage, car_body, model, changed, created, technical_inspection_id) VALUES (6, 'BMV', 100087, 'sedan', 'M5 F10', '2023-03-08 16:47:33.000000', '2023-03-20 16:47:08.000000', 6);
INSERT INTO public.car (id, brand, mileage, car_body, model, changed, created, technical_inspection_id) VALUES (7, 'BMV', 100879, 'sedan', 'M5 F10', '2023-03-08 16:47:33.000000', '2023-03-20 16:47:08.000000', 7);
INSERT INTO public.car (id, brand, mileage, car_body, model, changed, created, technical_inspection_id) VALUES (8, 'BMV', 154815, 'sedan', 'M5 F10', '2023-03-08 16:47:33.000000', '2023-03-20 16:47:08.000000', 8);
INSERT INTO public.car (id, brand, mileage, car_body, model, changed, created, technical_inspection_id) VALUES (9, 'Acura', 110645, 'sedan', 'TLX II', '2023-03-08 16:47:33.000000', '2023-03-20 16:47:08.000000', 9);
INSERT INTO public.car (id, brand, mileage, car_body, model, changed, created, technical_inspection_id) VALUES (10, 'Acura', 12055, 'sedan', 'TLX II', '2023-03-08 16:47:33.000000', '2023-03-20 16:47:08.000000', 10);

INSERT INTO public.l_car_park (id, car_id, park_id, created, changed) VALUES (1, 1, 2, '2023-03-08 02:36:48.000000', '2023-03-08 02:36:48.000000');
INSERT INTO public.l_car_park (id, car_id, park_id, created, changed) VALUES (2, 5, 2, '2023-03-08 02:36:48.000000', '2023-03-08 02:36:48.000000');
INSERT INTO public.l_car_park (id, car_id, park_id, created, changed) VALUES (3, 4, 1, '2023-03-08 02:36:48.000000', '2023-03-08 02:36:48.000000');
INSERT INTO public.l_car_park (id, car_id, park_id, created, changed) VALUES (4, 6, 1, '2023-03-08 02:36:48.000000', '2023-03-08 02:36:48.000000');
INSERT INTO public.l_car_park (id, car_id, park_id, created, changed) VALUES (5, 3, 1, '2023-03-08 02:36:48.000000', '2023-03-08 02:36:48.000000');
INSERT INTO public.l_car_park (id, car_id, park_id, created, changed) VALUES (6, 2, 1, '2023-03-08 02:36:48.000000', '2023-03-08 02:36:48.000000');
INSERT INTO public.l_car_park (id, car_id, park_id, created, changed) VALUES (7, 7, 1, '2023-03-08 02:36:48.000000', '2023-03-08 02:36:48.000000');
INSERT INTO public.l_car_park (id, car_id, park_id, created, changed) VALUES (8, 8, 3, '2023-03-08 02:36:48.000000', '2023-03-08 02:36:48.000000');
INSERT INTO public.l_car_park (id, car_id, park_id, created, changed) VALUES (9, 9, 3, '2023-03-08 02:36:48.000000', '2023-03-08 02:36:48.000000');
INSERT INTO public.l_car_park (id, car_id, park_id, created, changed) VALUES (10, 10, 3, '2023-03-08 02:36:48.000000', '2023-03-08 02:36:48.000000');

INSERT INTO public.park (id, park_number, created, changed, city) VALUES (1, 1111, '2023-03-08 17:50:41.000000', '2023-03-08 17:50:41.000000', 'York');
INSERT INTO public.park (id, park_number, created, changed, city) VALUES (2, 2222, '2023-03-08 17:50:41.000000', '2023-03-08 17:50:41.000000', 'York');
INSERT INTO public.park (id, park_number, created, changed, city) VALUES (3, 3333, '2023-03-08 17:50:41.000000', '2023-03-08 17:50:41.000000', 'York');

INSERT INTO public.employees (id, name, surname, job_title, created, changed) VALUES (1, 'Liam', 'Morgan', 'mechanic', '2023-03-09 01:29:51.000000', '2023-03-09 01:29:51.000000');
INSERT INTO public.employees (id, name, surname, job_title, created, changed) VALUES (2, 'William', 'Cooper', 'mechanic', '2023-03-09 01:29:51.000000', '2023-03-09 01:29:51.000000');
INSERT INTO public.employees (id, name, surname, job_title, created, changed) VALUES (3, 'Mason', 'Harris', 'mechanic', '2023-03-09 01:29:51.000000', '2023-03-09 01:29:51.000000');

INSERT INTO public.l_employees_technical_inspection (id, technical_inspection_id, created, changed, employees_id) VALUES (1, 1, '2023-03-08 02:36:48.000000', '2023-03-08 02:36:48.000000', 1);
INSERT INTO public.l_employees_technical_inspection (id, technical_inspection_id, created, changed, employees_id) VALUES (2, 2, '2023-03-08 02:36:48.000000', '2023-03-08 02:36:48.000000', 1);
INSERT INTO public.l_employees_technical_inspection (id, technical_inspection_id, created, changed, employees_id) VALUES (3, 3, '2023-03-08 02:36:48.000000', '2023-03-08 02:36:48.000000', 1);
INSERT INTO public.l_employees_technical_inspection (id, technical_inspection_id, created, changed, employees_id) VALUES (4, 4, '2023-03-08 02:36:48.000000', '2023-03-08 02:36:48.000000', 2);
INSERT INTO public.l_employees_technical_inspection (id, technical_inspection_id, created, changed, employees_id) VALUES (5, 5, '2023-03-08 02:36:48.000000', '2023-03-08 02:36:48.000000', 2);
INSERT INTO public.l_employees_technical_inspection (id, technical_inspection_id, created, changed, employees_id) VALUES (6, 6, '2023-03-08 02:36:48.000000', '2023-03-08 02:36:48.000000', 2);
INSERT INTO public.l_employees_technical_inspection (id, technical_inspection_id, created, changed, employees_id) VALUES (7, 7, '2023-03-08 02:36:48.000000', '2023-03-08 02:36:48.000000', 2);
INSERT INTO public.l_employees_technical_inspection (id, technical_inspection_id, created, changed, employees_id) VALUES (8, 8, '2023-03-08 02:36:48.000000', '2023-03-08 02:36:48.000000', 3);
INSERT INTO public.l_employees_technical_inspection (id, technical_inspection_id, created, changed, employees_id) VALUES (9, 9, '2023-03-08 02:36:48.000000', '2023-03-08 02:36:48.000000', 3);
INSERT INTO public.l_employees_technical_inspection (id, technical_inspection_id, created, changed, employees_id) VALUES (10, 10, '2023-03-08 02:37:53.000000', '2023-03-08 02:36:48.000000', 3);

INSERT INTO public.technical_inspection (id, mileage, maintenance, fuel_level, under_repair, "create", changed) VALUES (1, 124884, '2023-03-08 11:56:12.000000', 10, false, '2023-03-08 15:54:29.000000', '2023-03-08 15:54:29.000000');
INSERT INTO public.technical_inspection (id, mileage, maintenance, fuel_level, under_repair, "create", changed) VALUES (2, 45854, '2023-03-08 11:56:12.000000', 12, false, '2023-03-08 15:54:29.000000', '2023-03-08 15:54:29.000000');
INSERT INTO public.technical_inspection (id, mileage, maintenance, fuel_level, under_repair, "create", changed) VALUES (3, 44785, '2023-03-08 11:56:12.000000', 50, false, '2023-03-08 15:54:29.000000', '2023-03-08 15:54:29.000000');
INSERT INTO public.technical_inspection (id, mileage, maintenance, fuel_level, under_repair, "create", changed) VALUES (4, 78451, '2023-03-08 11:56:12.000000', 55, false, '2023-03-08 15:54:29.000000', '2023-03-08 15:54:29.000000');
INSERT INTO public.technical_inspection (id, mileage, maintenance, fuel_level, under_repair, "create", changed) VALUES (5, 152485, '2023-03-08 11:56:12.000000', 45, false, '2023-03-08 15:54:29.000000', '2023-03-08 15:54:29.000000');
INSERT INTO public.technical_inspection (id, mileage, maintenance, fuel_level, under_repair, "create", changed) VALUES (6, 100087, '2023-03-08 11:56:12.000000', 45, false, '2023-03-08 15:54:29.000000', '2023-03-08 15:54:29.000000');
INSERT INTO public.technical_inspection (id, mileage, maintenance, fuel_level, under_repair, "create", changed) VALUES (7, 100879, '2023-03-08 11:56:12.000000', 8, false, '2023-03-08 15:54:29.000000', '2023-03-08 15:54:29.000000');
INSERT INTO public.technical_inspection (id, mileage, maintenance, fuel_level, under_repair, "create", changed) VALUES (8, 154815, '2023-03-08 11:56:12.000000', 32, false, '2023-03-08 15:54:29.000000', '2023-03-08 15:54:29.000000');
INSERT INTO public.technical_inspection (id, mileage, maintenance, fuel_level, under_repair, "create", changed) VALUES (9, 110645, '2023-03-08 11:56:12.000000', 41, false, '2023-03-08 15:54:29.000000', '2023-03-08 15:54:29.000000');
INSERT INTO public.technical_inspection (id, mileage, maintenance, fuel_level, under_repair, "create", changed) VALUES (10, 12055, '2023-03-08 11:56:12.000000', 12, false, '2023-03-08 15:54:29.000000', '2023-03-08 15:54:29.000000');

INSERT INTO public.rented_out (id, rent, return, car_id, users_id, tariff_id, created, changed) VALUES (1, '2023-04-08 09:33:07.000000', '2023-04-09 02:33:24.000000', 5, 1, 1, '2023-04-08 09:33:07.000000', '2023-04-09 02:33:24.000000');
INSERT INTO public.rented_out (id, rent, return, car_id, users_id, tariff_id, created, changed) VALUES (2, '2023-04-08 09:33:07.000000', '2023-04-09 02:33:24.000000', 4, 2, 1, '2023-04-08 09:33:07.000000', '2023-04-09 02:33:24.000000');
INSERT INTO public.rented_out (id, rent, return, car_id, users_id, tariff_id, created, changed) VALUES (3, '2023-04-08 09:33:07.000000', '2023-04-09 02:33:24.000000', 3, 3, 1, '2023-04-08 09:33:07.000000', '2023-04-09 02:33:24.000000');
INSERT INTO public.rented_out (id, rent, return, car_id, users_id, tariff_id, created, changed) VALUES (4, '2023-04-08 09:33:07.000000', '2023-04-09 02:33:24.000000', 2, 4, 2, '2023-04-08 09:33:07.000000', '2023-04-09 02:33:24.000000');
INSERT INTO public.rented_out (id, rent, return, car_id, users_id, tariff_id, created, changed) VALUES (5, '2023-04-08 09:33:07.000000', '2023-04-09 02:33:24.000000', 1, 5, 1, '2023-04-08 09:33:07.000000', '2023-04-09 02:33:24.000000');
INSERT INTO public.rented_out (id, rent, return, car_id, users_id, tariff_id, created, changed) VALUES (6, '2023-04-08 09:33:07.000000', '2023-04-09 02:33:24.000000', 9, 6, 2, '2023-04-08 09:33:07.000000', '2023-04-09 02:33:24.000000');
INSERT INTO public.rented_out (id, rent, return, car_id, users_id, tariff_id, created, changed) VALUES (7, '2023-04-08 09:33:07.000000', '2023-04-09 02:33:24.000000', 8, 7, 3, '2023-04-08 09:33:07.000000', '2023-04-09 02:33:24.000000');
INSERT INTO public.rented_out (id, rent, return, car_id, users_id, tariff_id, created, changed) VALUES (8, '2023-04-08 09:33:07.000000', '2023-04-09 02:33:24.000000', 7, 8, 2, '2023-04-08 09:33:07.000000', '2023-04-09 02:33:24.000000');
INSERT INTO public.rented_out (id, rent, return, car_id, users_id, tariff_id, created, changed) VALUES (9, '2023-04-08 09:33:07.000000', '2023-04-09 02:33:24.000000', 6, 9, 1, '2023-04-08 09:33:07.000000', '2023-04-09 02:33:24.000000');
INSERT INTO public.rented_out (id, rent, return, car_id, users_id, tariff_id, created, changed) VALUES (10, '2023-04-08 09:33:07.000000', '2023-04-09 02:33:24.000000', 10, 10, 3, '2023-04-08 09:33:07.000000', '2023-04-09 02:33:24.000000');


